Date,spx_close,vix_close,spx_return,vix_return,simulated_spx_level,simulated_iv,delta_s,delta_sigma,dgv_pnl
2023-11-10,4415.240234375,14.170000076293945,0.015616441094852496,-0.07325048321473948,6088.62056436364,0.13901242751778908,93.62056436364037,-0.010987572482210911,50.768185048223785
2023-11-13,4411.5498046875,14.760000228881836,-0.0008358389332403515,0.04163727236494141,5989.989145595224,0.1562455908547412,-5.0108544047761825,0.0062455908547412176,1.3997656190483188
2023-11-14,4495.7001953125,14.15999984741211,0.019075017703661823,-0.04065043171853533,6109.354731133452,0.14390243524221968,114.35473113345233,-0.0060975647577803105,68.71888650102619
2023-11-15,4502.8798828125,14.180000305175781,0.0015970120755575135,0.0014124617216946245,6004.574087392967,0.1502118692582542,9.574087392967158,0.00021186925825419922,5.430490208330636
2023-11-16,4508.240234375,14.319999694824219,0.0011904273935798848,0.009873017393189798,6002.136612224512,0.15148095260897845,7.136612224511737,0.0014809526089784586,4.904901204537982
2023-11-17,4514.02001953125,13.800000190734863,0.0012820490603360213,-0.03631281530524766,6002.685884116714,0.14455307770421286,7.685884116714078,-0.005446922295787138,0.6508553510931221
2023-11-20,4547.3798828125,13.40999984741211,0.007390278097329839,-0.028260894053073637,6039.304717193492,0.14576086589203896,44.30471719349225,-0.0042391341079610345,22.91893576109808
2023-11-21,4538.18994140625,13.350000381469727,-0.0020209310950652926,-0.004474233156233853,5982.884518085084,0.14932886502656492,-12.115481914916018,-0.0006711349734350724,-6.928143720160386
2023-11-22,4556.6201171875,12.850000381469727,0.00406112922094648,-0.03745318245039286,6019.3464696795745,0.14438202263244107,24.34646967957451,-0.005617977367558924,10.04335344238438
2023-11-24,4559.33984375,12.460000038146973,0.0005968736678840791,-0.0303502203692656,5998.578257638965,0.14544746694461017,3.5782576389647147,-0.004552533055389829,-1.036032033418402
2023-11-27,4550.43017578125,12.6899995803833,-0.001954157460090089,0.018459032225695893,5983.28482602676,0.15276885483385438,-11.715173973239871,0.0027688548338543895,-4.453375137531861
2023-11-28,4554.89013671875,12.6899995803833,0.0009801185306033133,0.0,6000.8758105909665,0.15,5.875810590966466,0.0,3.229924915259035
2023-11-29,4550.580078125,12.979999542236328,-0.0009462486392383118,0.02285263762351275,5989.327239407767,0.1534278956435269,-5.672760592233317,0.0034278956435269126,-0.8099529868149258
2023-11-30,4567.7998046875,12.920000076293945,0.0037840728581564065,-0.004622455166284678,6017.685516784648,0.1493066317250573,22.685516784647916,-0.0006933682749427073,12.317283582855584
2023-12-01,4594.6298828125,12.630000114440918,0.005873742123607695,-0.022445817348339614,6030.213084031028,0.14663312739774906,35.2130840310283,-0.0033668726022509365,17.962604389718667
2023-12-04,4569.77978515625,13.079999923706055,-0.005408509126972105,0.03562943825713938,5962.575987783802,0.1553444157385709,-32.42401221619821,0.005344415738570918,-13.317549687357108
2023-12-05,4567.18017578125,12.850000381469727,-0.0005688697261614362,-0.01758406296467019,5991.589625991663,0.14736239055529946,-3.410374008337385,-0.0026376094447005394,-3.5855367133808693
2023-12-06,4549.33984375,12.970000267028809,-0.003906202808869552,0.009338512217643702,5971.582314160827,0.15140077683264655,-23.41768583917292,0.0014007768326465553,-11.404795975939324
2023-12-07,4585.58984375,13.0600004196167,0.007968189065892917,0.00693910182998847,6042.769293450028,0.15104086527449825,47.76929345002827,0.0010408652744982594,28.5363260626021
2023-12-08,4604.3701171875,12.350000381469727,0.00409549786994079,-0.05436447284339452,6019.552509730295,0.14184532907349082,24.55250973029524,-0.008154670926509178,8.494029297394848
2023-12-11,4622.43994140625,12.630000114440918,0.003924494286698943,0.022672042455262664,6018.52734324876,0.1534008063682894,23.52734324876019,0.003400806368289405,15.501820316448452
2023-12-12,4643.7001953125,12.069999694824219,0.00459935752021523,-0.044338908514846676,6022.57314833369,0.14334916372277298,27.57314833369037,-0.006650836277227012,11.25545893200302
2023-12-13,4707.08984375,12.1899995803833,0.013650676351045998,0.009941995740939458,6076.835804724521,0.15149129936114092,81.83580472452104,0.0014912993611409242,50.913319379424955
2023-12-14,4719.5498046875,12.479999542236328,0.0026470624846992585,0.023789989486111995,6010.869139595772,0.15356849842291678,15.86913959577214,0.003568498422916788,11.198208853221592
2023-12-15,4719.18994140625,12.279999732971191,-7.62494933082003e-05,-0.016025626330215204,5994.542884287617,0.14759615605046772,-0.4571157123828016,-0.002403843949532275,-1.831169503135098
2023-12-18,4740.56005859375,12.5600004196167,0.004528344366900416,0.022801359343169958,6022.147424479568,0.15342020390147548,27.147424479568144,0.003420203901475488,17.633596575007132
2023-12-19,4768.3701171875,12.529999732971191,0.005866407818910568,-0.0023885896212750835,6030.1691148743685,0.14964171155680872,35.16911487436846,-0.0003582884431912736,19.916411649175306
2023-12-20,4698.35009765625,13.670000076293945,-0.014684266911006771,0.09098167339325469,5906.967819868514,0.1636472510089882,-88.0321801314858,0.013647251008988198,-32.83001758019263
2023-12-21,4746.75,13.649999618530273,0.010301467821202559,-0.0014630912693524012,6056.757299588109,0.14978053630959715,61.75729958810916,-0.00021946369040284908,36.549738396409836
2023-12-22,4754.6298828125,13.029999732971191,0.0016600585268868873,-0.045421238306660006,6004.9520508686865,0.14318681425400098,9.952050868686456,-0.006813185745999012,1.0185080255800454
2023-12-26,4774.75,12.989999771118164,0.0042316894655107795,-0.003069835968746104,6020.368978345738,0.14953952460468808,25.36897834573756,-0.00046047539531191006,14.035737075449877
2023-12-27,4781.580078125,12.430000305175781,0.0014304577464787638,-0.04311004432713539,6003.57559419014,0.1435334933509297,8.575594190139782,-0.006466506649070308,0.47619587841647615
2023-12-28,4783.35009765625,12.470000267028809,0.0003701746080437829,0.0032180177691847334,5997.219196775222,0.1504827026653777,2.219196775222372,0.0004827026653776989,1.531144208684432
2023-12-29,4769.830078125,12.449999809265137,-0.0028264750133749628,-0.001603885913022296,5978.0552822948175,0.14975941711304666,-16.944717705182484,-0.0002405828869533333,-9.165122484372533
2024-01-02,4742.830078125,13.199999809265137,-0.005660579005492328,0.06024096477831753,5961.064828862073,0.15903614471674762,-33.93517113792677,0.00903614471674763,-11.63148976473527
2024-01-03,4704.81005859375,14.039999961853027,-0.008016314922730805,0.06363637611557316,5946.942192038229,0.15954545641733597,-48.05780796177078,0.009545456417335979,-18.07195074564274
2024-01-04,4688.68017578125,14.130000114440918,-0.0034283812973570083,0.006410267295756666,5974.446854122345,0.1509615400943635,-20.55314587765497,0.0009615400943635,-10.232892317892894
2024-01-05,4697.240234375,13.350000381469727,0.0018256861788026324,-0.05520167916870922,6005.944988641922,0.14171974812469362,10.944988641921555,-0.008280251875306371,0.6105784972728685
2024-01-08,4763.5400390625,13.079999923706055,0.014114629309846638,-0.020224752812624813,6079.61720271253,0.14696628707810627,84.61720271253034,-0.003033712921893722,49.819326649903395
2024-01-09,4756.5,12.760000228881836,-0.0014779006799081618,-0.02446480861549971,5986.139985423951,0.14633027870767504,-8.860014576049252,-0.0036697212923249567,-7.181832818366599
2024-01-10,4783.4501953125,12.6899995803833,0.00566597189372442,-0.00548594414129322,6028.967501502878,0.14917710837880602,33.967501502877894,-0.0008228916211939774,18.88959634819129
2024-01-11,4780.240234375,12.4399995803833,-0.0006710555783868699,-0.019700552266877946,5990.977021807571,0.1470449171599683,-4.022978192429036,-0.002955082840031681,-4.124755541179766
2024-01-12,4783.830078125,12.699999809265137,0.0007509755941104146,0.020900340647264315,5999.502098686692,0.15313505109708964,4.502098686692079,0.0031350510970896417,4.533349815319413
2024-01-16,4765.97998046875,13.84000015258789,-0.0037313402367431525,0.08976380790896399,5972.630615280725,0.16346457118634458,-22.36938471927533,0.013464571186344587,-2.931318749745966
2024-01-17,4739.2099609375,14.789999961853027,-0.005616897183990499,0.06864160395890595,5961.326701381977,0.16029624059383588,-33.67329861802318,0.010296240593835881,-10.673463882775888
2024-01-18,4780.93994140625,14.130000114440918,0.008805260963896,-0.04462473624843866,6047.787539478557,0.1433062895627342,52.78753947855694,-0.0066937104372657985,26.58209040842432
2024-01-19,4839.81005859375,13.300000190734863,0.012313502764936146,-0.058740263056175857,6068.819449075792,0.14118896054157362,73.81944907579236,-0.008811039458426373,38.77032146131703
2024-01-22,4850.43017578125,13.1899995803833,0.0021943252026270788,-0.00827072246421412,6008.154979589749,0.1487593916303679,13.154979589749018,-0.0012406083696321069,6.490913321860578
2024-01-23,4864.60009765625,12.550000190734863,0.002921374261968035,-0.04852156254805884,6012.513638700499,0.14272176561779118,17.513638700498632,-0.007278234382208815,4.998922859031479
2024-01-24,4868.5498046875,13.140000343322754,0.0008119284117831249,0.04701196363514493,5999.86751082864,0.15705179454527174,4.867510828639752,0.0070517945452717445,7.313212010670002
2024-01-25,4894.16015625,13.449999809265137,0.005260365527706368,0.02359204397585213,6026.5358913386,0.1535388065963778,31.535891338599868,0.0035388065963778137,20.308410136301717
2024-01-26,4890.97021484375,13.260000228881836,-0.0006517852510764532,-0.014126363054103419,5991.092547419797,0.14788104554188447,-3.907452580203426,-0.002118954458115524,-3.5121852580766637
2024-01-29,4927.93017578125,13.600000381469727,0.007556774896180896,0.02564103670581619,6040.302865502605,0.1538461555058724,45.30286550260462,0.0038461555058724173,28.85581927446895
2024-01-30,4924.97021484375,13.3100004196167,-0.0006006499345398986,-0.02132352600873144,5991.399103642433,0.14680147109869027,-3.600896357566853,-0.0031985289013097273,-4.057506941815735
2024-01-31,4845.64990234375,14.350000381469727,-0.016105744611597972,0.07813673396435372,5898.44606105347,0.16172051009465305,-96.55393894653025,0.011720510094653053,-37.49099028860503
2024-02-01,4906.18994140625,13.880000114440918,0.012493688211609788,-0.03275263097802583,6069.899660828601,0.1450871053532961,74.89966082860064,-0.004912894646703886,42.05263922345846
2024-02-02,4958.60986328125,13.850000381469727,0.01068444607751462,-0.0021613640290952807,6059.0532542347,0.1496757953956357,64.05325423470003,-0.0003242046043643032,37.96200956788989
2024-02-05,4942.81005859375,13.670000076293945,-0.0031863375266721894,-0.012996411568089838,5975.8979065276,0.1480505382647865,-19.102093472400156,-0.0019494617352134869,-11.403831874651175
2024-02-06,4954.22998046875,13.0600004196167,0.0023104108269635937,-0.04462323725477424,6008.8509129076465,0.14330651441178385,13.850912907646489,-0.0066934855882161415,3.2961140736082273
2024-02-07,4995.06005859375,12.829999923706055,0.008241457963390042,-0.0176110634395672,6044.407540490523,0.1473583404840649,49.40754049052339,-0.002641659515935091,27.132076714490765
2024-02-08,4997.91015625,12.789999961853027,0.0005705832608251526,-0.0031176899525243718,5998.420646648647,0.14953234650712133,3.4206466486466525,-0.00046765349287866687,1.565834562124543
2024-02-09,5026.60986328125,12.930000305175781,0.0057423415255595245,0.010946078478523358,6029.425337445729,0.1516419117717785,34.42533744572938,0.0016419117717784981,20.786365677948503
2024-02-12,5021.83984375,13.930000305175781,-0.0009489536011326738,0.07733951866959421,5989.31102316121,0.16160092780043914,-5.68897683879004,0.011600927800439143,4.560801697021267
2024-02-13,4953.169921875,15.850000381469727,-0.013674255653625456,0.13783201968635694,5913.022837356515,0.17067480295295354,-81.97716264348492,0.02067480295295354,-25.723574741386884
2024-02-14,5000.6201171875,14.380000114440918,0.009579763275017639,-0.09274449411038432,6052.430680833731,0.13608832588344236,57.43068083373055,-0.013911674116557637,24.76912715281214
2024-02-15,5029.72998046875,14.010000228881836,0.005821250684729495,-0.02573017264356725,6029.898397854953,0.1461404741034649,34.898397854953146,-0.0038595258965350987,17.44927422730029
2024-02-16,5005.56982421875,14.239999771118164,-0.0048034698371121065,0.016416812168366768,5966.203198326513,0.15246252182525502,-28.796801673486698,0.0024625218252550263,-13.414194630078072
2024-02-20,4975.509765625,15.420000076293945,-0.006005322001165325,0.082865191302115,5958.998094603014,0.16242977869531725,-36.00190539698633,0.01242977869531725,-10.409213009794772
2024-02-21,4981.7998046875,15.34000015258789,0.001264199922982101,-0.005188062471480959,6002.578878538277,0.14922179062927785,7.578878538277422,-0.0007782093707221494,3.6641570561298944
2024-02-22,5087.02978515625,14.539999961853027,0.02112288421741404,-0.05215125050698921,6121.631690883397,0.14217731242395162,126.63169088339691,-0.00782268757604837,76.62900333058506
2024-02-23,5088.7998046875,13.75,0.0003479475462115911,-0.054332872347019445,5997.085945539538,0.14185006914794707,2.085945539538443,-0.008149930852052928,-4.223890721590861
2024-02-26,5069.52978515625,13.739999771118164,-0.003786751350190576,-0.0007272893732244157,5972.298425655607,0.14989090659401633,-22.70157434439261,-0.0001090934059836679,-12.034569092554735
2024-02-27,5078.18017578125,13.430000305175781,0.0017063496993998672,-0.022561824680231046,6005.2295664479025,0.14661572629796535,10.22956644790247,-0.003384273702034646,3.431108910188657
2024-02-28,5069.759765625,13.84000015258789,-0.001658155060430544,0.030528655107632474,5985.059360412719,0.15457929826614486,-9.940639587281112,0.004579298266144866,-2.3251699858982877
2024-02-29,5096.27001953125,13.399999618530273,0.005229094697149161,-0.03179194575191846,6026.3484227094095,0.14523120813721221,31.348422709409533,-0.00476879186278778,14.728837099470228
2024-03-01,5137.080078125,13.109999656677246,0.00800782894888763,-0.021641788814083185,6043.006934548582,0.14675373167788752,48.00693454858174,-0.003246268322112472,25.862189451464257
2024-03-04,5130.9501953125,13.489999771118164,-0.0011932620709189656,0.02898551673472971,5987.846393884841,0.15434782751020945,-7.153606115159164,0.004347827510209457,-0.9964384709715159
2024-03-05,5078.64990234375,14.460000038146973,-0.010193100883444606,0.07190513591449865,5933.892360203749,0.1607857703871748,-61.10763979625062,0.010785770387174792,-23.23438669114483
2024-03-06,5104.759765625,14.5,0.005141103203274655,0.0027662490835065334,6025.820913703632,0.15041493736252598,30.82091370363196,0.00041493736252598556,17.82713836287514
2024-03-07,5157.35986328125,14.4399995803833,0.010304127925951478,-0.004137959973565475,6056.773246916079,0.14937930600396518,61.77324691607919,-0.0006206939960348157,36.29591006071131
2024-03-08,5123.68994140625,14.739999771118164,-0.0065285190034379825,0.020775637081209553,5955.861528574389,0.15311634556218143,-39.13847142561099,0.003116345562181433,-18.061215007375417
2024-03-11,5117.93994140625,15.220000267028809,-0.001122238087346461,0.032564484624427736,5988.272182666358,0.15488467269366415,-6.727817333641724,0.0048846726936641605,-0.4157286988280635
2024-03-12,5175.27001953125,13.84000015258789,0.011201787981366396,-0.09067017675620026,6062.154718948292,0.13639947348656994,67.1547189482917,-0.01360052651343005,31.237803748389986
2024-03-13,5165.31005859375,13.75,-0.0019245297153407392,-0.00650290112685159,5983.462444356533,0.14902456483097226,-11.537555643467385,-0.000975435169027733,-6.8243274955180855
2024-03-14,5150.47998046875,14.399999618530273,-0.0028710915621273925,0.04727269952947433,5977.787806085046,0.15709090492942115,-17.212193914953787,0.00709090492942116,-4.478086516820771
2024-03-15,5117.08984375,14.40999984741211,-0.006482917484461503,0.0006944603574132735,5956.134909680653,0.15010416905361199,-38.865090319346564,0.00010416905361199102,-19.911784263068974
2024-03-18,5149.419921875,14.329999923706055,0.006318059504952345,-0.005551694972461885,6032.876766732189,0.1491672457541307,37.876766732189026,-0.0008327542458692883,21.23724312477373
2024-03-19,5178.509765625,13.819999694824219,0.0056491496501236416,-0.03558968817844477,6028.866652152491,0.14466154677323328,33.86665215249104,-0.0053384532267667095,15.8570686124172
2024-03-20,5224.6201171875,13.039999961853027,0.008904173912846591,-0.056439924037285816,6048.380522607516,0.14153401139440713,53.38052260751556,-0.008465988605592861,25.788874291659408
2024-03-21,5241.52978515625,12.920000076293945,0.0032365354015160275,-0.009202445238506662,6014.403029732089,0.148619633214224,19.403029732088726,-0.0013803667857759938,9.966134350707144
2024-03-22,5234.18017578125,13.0600004196167,-0.0014021878490156903,0.010835939821674634,5986.593883845151,0.1516253909732512,-8.40611615484886,0.0016253909732512062,-3.4554696391324637
2024-03-25,5218.18994140625,13.1899995803833,-0.0030549644525015296,0.009953993613303291,5976.685488107253,0.15149309904199548,-18.31451189274685,0.0014930990419954882,-8.732157129069625
2024-03-26,5203.580078125,13.239999771118164,-0.002799795225030266,0.003790765149775055,5978.215227625944,0.15056861477246625,-16.784772374056047,0.0005686147724662527,-8.549632137058893
2024-03-27,5248.490234375,12.779999732971191,0.008630626525532925,-0.0347432058987206,6046.74060602057,0.14478851911519192,51.74060602057034,-0.0052114808848080785,26.899998708998783
2024-03-28,5254.35009765625,13.010000228881836,0.0011164855071790214,0.017996909289228258,6001.693330615538,0.15269953639338424,6.693330615537889,0.0026995363933842442,5.460489450282047
2024-04-01,5243.77001953125,13.649999618530273,-0.0020135845401164643,0.04919288073705452,5982.928560682002,0.15737893211055817,-12.071439317997829,0.0073789321105581784,-1.6064758688161938
2024-04-02,5205.81005859375,14.609999656677246,-0.0072390590731691296,0.0703296750897886,5951.601840856351,0.16054945126346828,-43.39815914364863,0.01054945126346829,-15.210632951490377
2024-04-03,5211.490234375,14.329999923706055,0.001091122364688113,-0.019164937683158856,6001.541278576306,0.14712525934752615,6.541278576305558,-0.0028747406524738395,1.7070567480497165
2024-04-04,5147.2099609375,16.350000381469727,-0.012334336350379616,0.14096304734949738,5921.055653579474,0.1711444571024246,-73.94434642052602,0.021144457102424602,-22.03308057649336
2024-04-05,5204.33984375,16.030000686645508,0.011099194174331695,-0.019571846321599473,6061.539669075119,0.14706422305176006,66.53966907511858,-0.002935776948239932,37.856633533899455
2024-04-08,5202.39013671875,15.1899995803833,-0.00037463099831791524,-0.05240181349224815,5992.7540871650845,0.14213972797616278,-2.2459128349155435,-0.007860272023837211,-6.393648943284786
2024-04-09,5209.91015625,14.979999542236328,0.0014454931932483817,-0.013824887685854326,6003.665731693524,0.14792626684712185,8.665731693524322,-0.002073733152878149,3.417859725040948
2024-04-10,5160.64013671875,15.800000190734863,-0.009456980649108493,0.05473969783420429,5938.305401008594,0.15821095467513063,-56.694598991405655,0.008210954675130638,-22.937604613596346
2024-04-11,5199.06005859375,14.90999984741211,0.007444797710585593,-0.05632913497334324,6039.631562274961,0.1415506297539985,44.63156227496074,-0.00844937024600148,20.34905060650271
2024-04-12,5123.41015625,17.309999465942383,-0.01455068829580164,0.16096577083110009,5907.76862366667,0.174144865624665,-87.23137633333045,0.024144865624665002,-25.59577536246797
2024-04-15,5061.81982421875,19.229999542236328,-0.01202135494776202,0.11091855202373435,5922.931977088167,0.16663778280356015,-72.0680229118334,0.016637782803560153,-24.194725828560788
2024-04-16,5051.41015625,18.399999618530273,-0.0020565070133361507,-0.04316172352906522,5982.67124045505,0.1435257414706402,-12.328759544950117,-0.006474258529359789,-10.859821251616193
2024-04-17,5022.2099609375,18.209999084472656,-0.005780602724641426,-0.010326116195473745,5960.345286665774,0.14845108257067893,-34.65471333422556,-0.0015489174293210617,-18.951414192670395
2024-04-18,5011.1201171875,18.0,-0.002208160119998248,-0.011532075509642303,5981.762080080611,0.14827018867355365,-13.237919919389242,-0.00172981132644634,-8.214067335928036
2024-04-19,4967.22998046875,18.709999084472656,-0.00875854812743615,0.039444393581814285,5942.49250397602,0.15591665903727214,-52.50749602397991,0.005916659037272148,-22.529491126539657
2024-04-22,5010.60009765625,16.940000534057617,0.008731248071466746,-0.09460174436266822,6047.343832188443,0.13580973834559976,52.34383218844323,-0.014190261654400238,21.368948789146238
2024-04-23,5070.5498046875,15.6899995803833,0.011964576270872662,-0.07378990048797274,6066.727634743882,0.13893151492680408,71.72763474388194,-0.01106848507319591,35.90211702610859
2024-04-24,5071.6298828125,15.970000267028809,0.0002130100613548791,0.017845805872141796,5996.276995317822,0.15267687088082127,1.276995317822184,0.002676870880821275,2.459191413287249
2024-04-25,5048.419921875,15.369999885559082,-0.004576430353515626,-0.03757046784203688,5967.564300030674,0.14436442982369446,-27.43569996932638,-0.005635570176305532,-18.06339130294964
2024-04-26,5099.9599609375,15.029999732971191,0.01020914263474304,-0.022121025056567434,6056.203810095284,0.14668184624151487,61.2038100952841,-0.003318153758485126,34.154374173943225
2024-04-29,5116.169921875,14.670000076293945,0.0031784486665891176,-0.023952073391426465,6014.054799756202,0.14640718899128602,19.054799756201646,-0.0035928110087139753,8.309464921543398
2024-04-30,5035.68994140625,15.649999618530273,-0.01573051358686217,0.06680296776684846,5900.695571046761,0.16002044516502725,-94.30442895323904,0.010020445165027259,-37.72558548522205
2024-05-01,5018.39013671875,15.390000343322754,-0.0034354388154940185,-0.01661337262268492,5974.404544301114,0.14750799410659726,-20.595455698886326,-0.0024920058934027323,-12.527672299547831
2024-05-02,5064.2001953125,14.680000305175781,0.009128437077573048,-0.04613385460092079,6049.724980280051,0.14307992180986187,54.72498028005066,-0.006920078190138124,27.65480473324896
2024-05-03,5127.7900390625,13.489999771118164,0.012556739721478527,-0.08106270499449886,6070.277654630264,0.13784059425082518,75.2776546302639,-0.012159405749174818,37.534212364373545
2024-05-06,5180.740234375,13.489999771118164,0.01032612390701182,0.0,6056.905112822536,0.15,61.90511282253556,0.0,36.789295712454575
2024-05-07,5187.7001953125,13.229999542236328,0.0013434298232750663,-0.01927355324634561,6003.053861790534,0.14710896701304815,8.053861790534029,-0.0028910329869518414,2.5382933405214327
2024-05-08,5187.669921875,13.0,-5.835618166138978e-06,-0.017384697671535276,5994.965015469094,0.1473922953492697,-0.034984530905603606,-0.0026077046507302915,-1.7354437227512765
2024-05-09,5214.080078125,12.6899995803833,0.005090947698625836,-0.023846186124361513,6025.520231453262,0.14642307208134578,30.52023145326166,-0.0035769279186542158,15.021157784561971
2024-05-10,5222.68017578125,12.550000190734863,0.001649398844549843,-0.011032261172400193,6004.888146073076,0.14834516082413995,9.888146073076314,-0.00165483917586004,4.377865780370024
2024-05-13,5221.419921875,13.600000381469727,-0.00024130405535727206,0.08366535257186958,5993.553382188134,0.16254980288578044,-1.4466178118664175,0.012549802885780448,7.4734391384072465
2024-05-14,5246.68017578125,13.420000076293945,0.004837813139759728,-0.013235316185802093,6024.002689772859,0.14801470257212967,29.002689772859412,-0.0019852974278703195,15.16978464542647
2024-05-15,5308.14990234375,12.449999809265137,0.011715927882596233,-0.07228019832446109,6065.236987656164,0.13915797025133084,70.23698765616427,-0.010842029748669157,35.070331123644195
2024-05-16,5297.10009765625,12.420000076293945,-0.0020816677921287052,-0.0024096171430353364,5982.520401586188,0.1496385574285447,-12.4795984138118,-0.00036144257145528935,-6.915631089412793
2024-05-17,5303.27001953125,11.989999771118164,0.0011647735102702228,-0.034621602458483336,6001.98281719407,0.1448067596312275,6.982817194069867,-0.0051932403687725,0.4264330703978936
2024-05-20,5308.1298828125,12.149999618530273,0.0009163899374069473,0.01334444123990064,6000.493757674754,0.1520016661859851,5.493757674754306,0.0020016661859851015,4.335726740074774
2024-05-21,5321.41015625,11.859999656677246,0.002501874243978186,-0.023868310366918943,6009.998736092649,0.14641975344496216,14.998736092648869,-0.0035802465550378304,5.997172730303659
2024-05-22,5307.009765625,12.289999961853027,-0.002706123039226127,0.03625635055846632,5978.776792379839,0.15543845258376995,-16.223207620160792,0.005438452583769959,-5.053015757275218
2024-05-23,5267.83984375,12.770000457763672,-0.0073807894850155265,0.03905618367782915,5950.752167037332,0.15585842755167437,-44.247832962668326,0.005858427551674372,-18.702069737197384
2024-05-24,5304.72021484375,11.930000305175781,0.0070010425881694704,-0.06577917952048329,6036.971250316076,0.1401331230719275,41.97125031607629,-0.009866876928072504,17.782785895130473
2024-05-28,5306.0400390625,12.920000076293945,0.0002488018529340774,0.08298405245544349,5996.49156710834,0.16244760786831652,1.4915671083399502,0.01244760786831653,9.007657775407223
2024-05-29,5266.9501953125,14.279999732971191,-0.007367046509680453,0.10526313070017856,5950.834556174465,0.16578946960502677,-44.16544382553457,0.01578946960502678,-12.126403375376425
2024-05-30,5235.47998046875,14.470000267028809,-0.005975035585443322,0.01330535977664793,5959.179661665267,0.15199580396649717,-35.820338334732696,0.0019958039664971783,-17.18821881650877
2024-05-31,5277.509765625,12.920000076293945,0.00802787620486467,-0.10711818674023643,6043.127117848164,0.13393227198896454,48.127117848163834,-0.016067728011035454,17.497869659866836
2024-06-03,5283.39990234375,13.109999656677246,0.0011160825806737495,0.014705849788028802,6001.690915071139,0.15220587746820433,6.690915071138988,0.0022058774682043314,5.134223517343317
2024-06-04,5291.33984375,13.15999984741211,0.0015028090913065117,0.003813897181103032,6004.009340502383,0.15057208457716545,9.009340502382656,0.0005720845771654548,5.351430494964567
2024-06-05,5354.02978515625,12.630000114440918,0.011847649793331305,-0.04027353640702469,6066.026660511021,0.1439589695389463,71.02666051102096,-0.006041030461053698,38.749483223074925
2024-06-06,5352.9599609375,12.579999923706055,-0.00019981663563317653,-0.00395884325271656,5993.802099269379,0.1494061735120925,-1.1979007306208587,-0.0005938264879074839,-1.0425947312711126
2024-06-07,5346.990234375,12.220000267028809,-0.0011152197300303701,-0.028616825028659476,5988.314257718468,0.14570747624570107,-6.68574228153193,-0.004292523754298921,-6.433627837727579
2024-06-10,5360.7900390625,12.739999771118164,0.0025808546645145203,0.042553149977613725,6010.472223713765,0.15638297249664204,15.472223713764834,0.006382972496642048,12.824453181223504
2024-06-11,5375.31982421875,12.850000381469727,0.0027103813151374556,0.008634270983343129,6011.248735984249,0.15129514064750146,16.248735984248924,0.0012951406475014693,9.91848747976421
2024-06-12,5421.02978515625,12.039999961853027,0.008503672791998707,-0.06303505023896772,6045.979518388032,0.14054474246415483,50.979518388032375,-0.009455257535845168,23.629744579156167
2024-06-13,5433.740234375,11.9399995803833,0.0023446558536817097,-0.008305679550378975,6009.0562118428215,0.14875414806744314,14.05621184282154,-0.0012458519325568573,6.998169396017009
2024-06-14,5431.60009765625,12.65999984741211,-0.000393860697500914,0.060301532021133974,5992.638805118482,0.1590452298031701,-2.361194881517804,0.009045229803170102,4.67105373911062
2024-06-17,5473.22998046875,12.75,0.007664386564552705,0.0071090168777756535,6040.947997454494,0.15106635253166634,45.947997454493816,0.0010663525316663425,27.424625642233217
2024-06-18,5487.02978515625,12.300000190734863,0.0025213273947457537,-0.03529410268746169,6010.115357731501,0.14470588459688075,15.115357731500808,-0.005294115403119248,4.935469543975124
2024-06-20,5473.169921875,13.279999732971191,-0.0025259318472709014,0.07967475829590032,5979.857038575611,0.16195121374438504,-15.142961424388886,0.011951213744385042,-0.20455555089514377
2024-06-21,5464.6201171875,13.199999809265137,-0.001562130321101196,-0.006024090761646117,5985.635028724998,0.14909638638575307,-9.364971275002063,-0.0009036136142469287,-5.629085000855197
2024-06-24,5447.8701171875,13.329999923706055,-0.003065171894990004,0.009848493660558288,5976.624294489535,0.15147727404908373,-18.375705510465195,0.0014772740490837377,-8.77413829502346
2024-06-25,5469.2998046875,12.84000015258789,0.003933590015736899,-0.03675917283740937,6018.581872144343,0.1444861240743886,23.581872144342924,-0.0055138759256113945,9.665987535839381
2024-06-26,5477.89990234375,12.550000190734863,0.0015724312002203256,-0.022585666542580096,6004.426725045321,0.14661215001861297,9.426725045321291,-0.0033878499813870255,2.9786301445403742
2024-06-27,5482.8701171875,12.239999771118164,0.0009073212238914774,-0.024701228279307874,6000.43939073723,0.14629481575810382,5.439390737229587,-0.00370518424189617,0.5494039154460246
2024-06-28,5460.47998046875,12.4399995803833,-0.004083652583445674,0.01633985400367921,5970.518502762243,0.1524509781005519,-24.48149723775714,0.0024509781005518927,-11.252811346708715
2024-07-01,5475.08984375,12.220000267028809,0.0026755639309195,-0.017684832859754307,6011.040005765863,0.14734727507103684,16.04000576586259,-0.0026527249289631516,7.200897405268598
2024-07-02,5509.009765625,12.029999732971191,0.006195317856513505,-0.015548324869538943,6032.140930549798,0.14766775126956916,37.14093054979821,-0.002332248730430836,19.80530904585633
2024-07-03,5537.02001953125,12.09000015258789,0.005084444409779065,0.004987566163634494,6025.481244236626,0.15074813492454517,30.48124423662557,0.000748134924545174,17.844749648974066
2024-07-05,5567.18994140625,12.479999542236328,0.005448765178485582,0.03225801362500036,6027.665347245021,0.15483870204375005,32.66534724502071,0.004838702043750059,21.837277133530137
2024-07-08,5572.85009765625,12.369999885559082,0.0010166989647510949,-0.008814075377564845,6001.095110293682,0.14867788869336526,6.09511029368241,-0.0013221113066347323,2.481330703311624
2024-07-09,5576.97998046875,12.510000228881836,0.0007410719362856977,0.01131773198205055,5999.442726258033,0.15169765979730757,4.4427262580329625,0.0016976597973075713,3.554484564455903
2024-07-10,5633.91015625,12.850000381469727,0.010208065293514812,0.02717826909410692,6056.197351434621,0.15407674036411603,61.19735143462094,0.004076740364116038,39.017504935431624
2024-07-11,5584.5400390625,12.920000076293945,-0.008763028841120457,0.00544744690631771,5942.4656420974825,0.15081711703594766,-52.53435790251751,0.0008171170359476676,-25.898377509704247
2024-07-12,5615.35009765625,12.460000038146973,0.0055170270744306915,-0.035603717912586985,6028.074577311212,0.14465944231311195,33.074577311212124,-0.005340557686888042,15.381790743207826
2024-07-15,5631.22021484375,13.119999885559082,0.0028262026252154904,0.0529694899993165,6011.943084738167,0.15794542349989746,16.943084738167272,0.007945423499897464,14.692444133414906
2024-07-16,5667.2001953125,13.1899995803833,0.006389375498743188,0.0053353426398474735,6033.304306114966,0.1508003013959771,38.304306114965584,0.0008003013959771155,22.571049044915732
2024-07-17,5588.27001953125,14.479999542236328,-0.013927543241993745,0.09780136488947022,5911.504378264248,0.16467020473342053,-83.49562173575214,0.014670204733420539,-30.30341516431642
2024-07-18,5544.58984375,15.930000305175781,-0.007816403936922511,0.1001381774018697,5948.14065839815,0.16502072661028044,-46.85934160185025,0.01502072661028045,-13.905488788163774
2024-07-19,5505.0,16.520000457763672,-0.007140265531926926,0.037037045906157084,5952.194108136098,0.15555555688592357,-42.80589186390171,0.005555556885923574,-18.21541739146547
2024-07-22,5564.41015625,14.90999984741211,0.01079203564940956,-0.09745766136434542,6059.69825371821,0.1353813507953482,64.69825371821025,-0.014618649204651807,28.97110634146403
2024-07-23,5555.740234375,14.720000267028809,-0.001558102589770738,-0.012743097406287318,5985.659174974325,0.1480885353890569,-9.340825025675258,-0.0019114646109431033,-6.279646340448756
2024-07-24,5427.1298828125,18.040000915527344,-0.02314909375473495,0.22554351822499452,5856.221182940364,0.18383152773374917,-138.7788170596359,0.03383152773374917,-38.043636110497204
2024-07-25,5399.22021484375,18.459999084472656,-0.005142620237842288,0.023281493771090345,5964.169991674135,0.15349222406566354,-30.830008325864583,0.003492224065663546,-13.74811953517322
2024-07-26,5459.10009765625,16.389999389648438,0.011090468702846357,-0.11213433355830271,6061.487359873564,0.1331798499662546,66.48735987356395,-0.0168201500337454,28.683965896022098
2024-07-29,5463.5400390625,16.600000381469727,0.0008133101292933098,0.012812751655983723,5999.875794225113,0.15192191274839756,4.875794225113168,0.001921912748397564,3.9413299643536392
2024-07-30,5436.43994140625,17.690000534057617,-0.004960171878030217,0.06566265828551643,5965.263769591209,0.15984939874282747,-29.736230408791016,0.009849398742827475,-9.020443916128468
2024-07-31,5522.2998046875,16.360000610351562,0.0157933986591674,-0.07518371303299154,6089.681424961708,0.13872244304505127,94.68142496170822,-0.011277556954948725,51.31447748902596
2024-08-01,5446.68017578125,18.59000015258789,-0.013693502993456064,0.13630803539367387,5912.907449554231,0.17044620530905108,-82.09255044576912,0.020446205309051085,-25.92186017336121
2024-08-02,5346.56005859375,23.389999389648438,-0.018381860868696753,0.2582032919667483,5884.800744092163,0.18873049379501225,-110.19925590783714,0.038730493795012255,-24.905124519626572
2024-08-05,5186.330078125,38.56999969482422,-0.02996879838863975,0.648995327118046,5815.337053660105,0.2473492990677069,-179.66294633989492,0.0973492990677069,-8.159011257091194
2024-08-06,5240.02978515625,27.709999084472656,0.010354085880061037,-0.2815660019776688,6057.072744850966,0.10776509970334967,62.072744850966046,-0.04223490029665032,9.098410568247566
2024-08-07,5199.5,27.850000381469727,-0.007734647858502863,0.005052374652567915,5948.630786088275,0.15075785619788518,-46.36921391172473,0.0007578561978851817,-23.062465461750275
2024-08-08,5319.31005859375,23.790000915527344,0.023042611519136447,-0.1457809483063327,6133.140456057223,0.1281328577540501,138.14045605722276,-0.021867142245949905,76.08243926355799
2024-08-09,5344.16015625,20.3700008392334,0.004671676849538509,-0.1437578791374391,6023.0067027129835,0.12843631812938414,28.006702712983497,-0.02156368187061586,1.6953759771592338
2024-08-12,5344.39013671875,20.709999084472656,4.303397765514916e-05,0.01669112573546916,5995.257988696043,0.15250366886032038,0.2579886960429576,0.002503668860320385,1.78856421141631
2024-08-13,5434.43017578125,18.1200008392334,0.016847579753558328,-0.12506027811373066,6096.001240622582,0.13124095828294038,101.00124062258237,-0.01875904171705961,50.81876371138026
2024-08-14,5455.2099609375,16.190000534057617,0.0038237284285767004,-0.10651215318914042,6017.923251929317,0.13402317702162894,22.923251929317303,-0.015976822978371052,2.395994488150386
2024-08-15,5543.22021484375,15.229999542236328,0.016133247764330783,-0.05929592094835401,6091.718820347163,0.1411056118577469,96.71882034716327,-0.008894388142253101,54.30381174624691
2024-08-16,5554.25,14.800000190734863,0.001989779357261412,-0.028233707447526624,6006.928727246782,0.145764943882871,11.928727246781818,-0.004235056117128988,3.8271710976058912
2024-08-19,5608.25,14.649999618530273,0.009722284736913167,-0.01013517366699046,6053.285096997794,0.14847972394995143,58.285096997794426,-0.0015202760500485635,33.46943342311719
2024-08-20,5597.1201171875,15.880000114440918,-0.0019845553982971165,0.08395908040535782,5983.102590387209,0.16259386206080367,-11.897409612791307,0.012593862060803679,1.9174940367079625
2024-08-21,5620.85009765625,16.270000457763672,0.004239676828782013,0.024559215397492062,6020.416862588549,0.1536838823096238,25.41686258854861,0.0036838823096237983,16.79156447102553
2024-08-22,5570.64013671875,17.549999237060547,-0.008932805548120926,0.07867232595473528,5941.447830739015,0.16180084889321028,-53.552169260984556,0.011800848893210286,-19.137749501680894
2024-08-23,5634.60986328125,15.859999656677246,0.01148337085011919,-0.09629627657273676,6063.842808246464,0.13555555851408949,68.8428082464643,-0.014444441485910509,31.785081064567642
2024-08-26,5616.83984375,16.149999618530273,-0.0031537266931381813,0.018284991685414864,5976.093408474637,0.1527427487528122,-18.906591525363183,0.0027427487528122185,-8.214804085963879
2024-08-27,5625.7998046875,15.430000305175781,0.0015951960865450143,-0.044582001879948985,6004.563200538837,0.14331269971800764,9.563200538837009,-0.006687300281992353,0.8833941367784748
2024-08-28,5592.18017578125,17.110000610351562,-0.00597597320797616,0.10887882514248881,5959.1740406181825,0.16633182377137332,-35.82595938181748,0.01633182377137332,-7.755069957826567
2024-08-29,5591.9599609375,15.649999618530273,-3.937906806072977e-05,-0.0853302711712346,5994.763922486976,0.1372004593243148,-0.2360775130237016,-0.0127995406756852,-8.55321286332624
2024-08-30,5648.39990234375,15.0,0.010093051774424433,-0.041533522963198455,6055.507845387674,0.14376997155552024,60.507845387674024,-0.006230028444479757,31.791069500301067
2024-09-03,5528.93017578125,20.719999313354492,-0.02115107439771169,0.38133328755696616,5868.199308985719,0.20719999313354492,-126.80069101428126,0.05719999313354493,-18.66575608286285
2024-09-04,5520.06982421875,21.31999969482422,-0.0016025435809103872,0.028957548327861904,5985.392751232443,0.15434363224917927,-9.607248767557394,0.0043436322491792745,-2.3037646343218765
2024-09-05,5503.41015625,19.899999618530273,-0.003018017615584734,-0.06660413211162819,5976.90698439457,0.14000938018325576,-18.093015605430082,-0.009990619816744234,-16.17637649498299
2024-09-06,5408.419921875,22.3799991607666,-0.01726024985928465,0.12462309496363155,5891.524802093589,0.16869346424454473,-103.47519790641127,0.01869346424454474,-35.57196123646429
2024-09-09,5471.0498046875,19.450000762939453,0.0115800702824842,-0.13092039802055044,6064.422521343493,0.13036194029691742,69.42252134349292,-0.019638059703082578,28.746410653456216
2024-09-10,5495.52001953125,19.079999923706055,0.004472672652839682,-0.019023178648836292,6021.813672553774,0.14714652320267455,26.813672553774268,-0.0028534767973254493,13.308059321757254
2024-09-11,5554.1298828125,17.690000534057617,0.010665025888896507,-0.07285112134206173,6058.936830203935,0.13907233179869075,63.93683020393473,-0.010927668201309249,30.90755456059405
2024-09-12,5595.759765625,17.06999969482422,0.007495302358939249,-0.035048096128643014,6039.934337641841,0.14474278558070355,44.93433764184101,-0.005257214419296441,22.636710135969526
2024-09-13,5626.02001953125,16.559999465942383,0.005407711405364557,-0.029876991095463934,6027.41922987516,0.1455184513356804,32.419229875160454,-0.004481548664319601,15.555851061185166
2024-09-16,5633.08984375,17.139999389648438,0.0012566297656613212,0.03502415111177348,6002.53349544514,0.155253622666766,7.5334954451400336,0.005253622666766017,7.608996219316586
2024-09-17,5634.580078125,17.610000610351562,0.00026455008109871336,0.027421309068831112,5996.585977736187,0.15411319636032467,1.5859777361865781,0.004113196360324672,3.573679612834124
2024-09-18,5618.259765625,18.229999542236328,-0.002896455862498093,0.03520720672322497,5977.635747104324,0.15528108100848373,-17.364252895676145,0.0052810810084837345,-5.747994698326561
2024-09-19,5713.64013671875,16.329999923706055,0.01697685316676334,-0.10422378860340853,6096.776234734746,0.13436643170948873,101.77623473474614,-0.01563356829051127,53.42338006017121
2024-09-20,5702.5498046875,16.149999618530273,-0.0019410273951238066,-0.011022676424785383,5983.363540766233,0.14834659853628218,-11.6364592337668,-0.001653401463717813,-7.322642107633307
2024-09-23,5718.56982421875,15.890000343322754,0.0028092730585327352,-0.01609902670890473,6011.8415919859035,0.1475851459936643,16.841591985903506,-0.002414854006335704,7.815320096678774
2024-09-24,5732.93017578125,15.390000343322754,0.0025111788443470395,-0.031466330345934046,6010.05451717186,0.14528005044810988,15.054517171860425,-0.004719949551890118,5.2787622772070835
2024-09-25,5722.259765625,15.40999984741211,-0.0018612489301417234,0.0012995129072905787,5983.841812663801,0.15019492693609357,-11.158187336199262,0.0001949269360935757,-5.8540886560836
2024-09-26,5745.3701171875,15.369999885559082,0.00403867571712313,-0.002595714617073419,6019.211860924153,0.149610642807439,24.21186092415337,-0.00038935719256100176,13.406237112466453
2024-09-27,5738.169921875,16.959999084472656,-0.0012532169669905446,0.10344822451218505,5987.486964282892,0.16551723367682775,-7.513035717108323,0.015517233676827752,6.163502948767115
2024-09-30,5762.47998046875,16.729999542236328,0.004236552581176722,-0.013561294495994303,6020.3981327241545,0.14796580582560084,25.398132724154493,-0.002034194174399151,13.016991358513343
2024-10-01,5708.75,19.260000228881836,-0.009324107094664358,0.15122538887453651,5939.101977967487,0.17268380833118047,-55.89802203251293,0.02268380833118047,-13.048868619679816
2024-10-02,5709.5400390625,18.899999618530273,0.00013839090212397487,-0.018691620253031727,5995.829653458233,0.14719625696204525,0.8296534582332242,-0.002803743037954748,-1.3926809563344495
2024-10-03,5699.93994140625,20.489999771118164,-0.001681413492255035,0.08412699389840173,5984.919926113931,0.16261904908476024,-10.08007388606893,0.012619049084760248,2.8927778269734974
2024-10-04,5751.06982421875,19.209999084472656,0.008970249395274354,-0.06246953152482426,6048.77664512467,0.14062957027127634,53.77664512466981,-0.00937042972872365,25.443250254284685
2024-10-07,5695.93994140625,22.639999389648438,-0.009586022165882668,0.17855286145995874,5937.531797115534,0.1767829292189938,-57.468202884466336,0.026782929218993806,-11.06498133931024
2024-10-08,5751.1298828125,21.420000076293945,0.009689347495581924,-0.05388689691892423,6053.087638236014,0.14191696546216137,58.087638236013845,-0.008083034537838624,29.023955232485363
2024-10-09,5792.0400390625,20.860000610351562,0.007113411987488272,-0.026143765823892218,6037.644904864992,0.14607843512641616,42.644904864991986,-0.003921564873583833,22.108476486747158
2024-10-10,5780.0498046875,20.93000030517578,-0.002070122839989974,0.0033556899700895038,5982.5896135742605,0.15050335349551341,-12.410386425739489,0.00050335349551342,-6.310075674740806
2024-10-11,5815.02978515625,20.459999084472656,0.006051847587953629,-0.022455863060207304,6031.280826289782,0.1466316205409689,36.28082628978245,-0.0033683794590310956,18.604303485157946
2024-10-14,5859.85009765625,19.700000762939453,0.0077076668832223305,-0.037145569674535084,6041.207462964918,0.14442816454881974,46.207462964917795,-0.005571835451180257,23.215848114828365
2024-10-15,5815.259765625,20.639999389648438,-0.007609466332438197,0.047715664482478326,5949.381249337033,0.15715734967237174,-45.618750662966704,0.007157349672371749,-18.496268432070288
2024-10-16,5842.47021484375,19.579999923706055,0.004679145956573816,-0.051356564791082526,6023.05148000966,0.1422965152813376,28.051480009659826,-0.00770348471866239,10.844486161664793
2024-10-17,5841.47021484375,19.110000610351562,-0.00017116047891174713,-0.024004050826652468,5993.973892928924,0.14639939237600214,-1.026107071075785,-0.003600607623997859,-2.9283146621898304
2024-10-18,5864.669921875,18.030000686645508,0.00397155273894878,-0.05651490786039204,6018.809458669998,0.1415227638209412,23.809458669998094,-0.008477236179058795,7.848142343478851
2024-10-21,5853.97998046875,18.3700008392334,-0.0018227694906369774,0.018857467534081795,5984.072496903631,0.15282862013011225,-10.927503096369037,0.002828620130112258,-3.9989319603699918
2024-10-22,5851.2001953125,18.200000762939453,-0.0004748538883844189,-0.009254222565459602,5992.153250939135,0.14861186661518105,-2.8467490608645676,-0.0013881333848189403,-2.458756204781079
2024-10-23,5797.419921875,19.239999771118164,-0.009191323428069387,0.05714280025176999,5939.8980160487245,0.1585714200377655,-55.10198395127554,0.00857142003776551,-21.974023373368315
2024-10-24,5809.85986328125,19.079999923706055,0.002145772011323821,-0.008316000484173136,6007.863903207886,0.14875259992737402,12.863903207886324,-0.0012474000726259704,6.321773018097732
2024-10-25,5808.1201171875,20.329999923706055,-0.00029944716993013376,0.06551362709634656,5993.2048142162685,0.15982704406445197,-1.7951857837315401,0.009827044064451979,5.492255490681226
2024-10-28,5823.52001953125,19.799999237060547,0.0026514435020339455,-0.026069881388808724,6010.895403794693,0.1460895177916787,15.895403794693266,-0.0039104822083212976,6.290562062232266
2024-10-29,5832.919921875,19.34000015258789,0.001614127248163344,-0.023232277888761477,6004.6766928527395,0.14651515831668577,9.676692852739507,-0.003484841683314227,3.0548288851530865
2024-10-30,5813.669921875,20.350000381469727,-0.003300233889343751,0.05222338267389759,5975.215097833384,0.15783350740108462,-19.78490216661612,0.007833507401084627,-5.3157502464506585
2024-10-31,5705.4501953125,23.15999984741211,-0.018614700871699585,0.13808350925148427,5883.404868274161,0.17071252638772264,-111.59513172583866,0.02071252638772264,-37.27886948275585
2024-11-01,5728.7998046875,21.8799991607666,0.004092509543626166,-0.055267732948130144,6019.534594714039,0.14170984005778048,24.534594714038576,-0.008290159942219516,8.394387255325178
2024-11-04,5712.68994140625,21.979999542236328,-0.002812083478299976,0.004570401522182799,5978.141559547592,0.1506855602283274,-16.858440452408104,0.0006855602283274143,-8.510837771992419
2024-11-05,5782.759765625,20.489999771118164,0.012265644545291332,-0.06778888999770039,6068.532539049022,0.13983166650034493,73.53253904902158,-0.010168333499655069,37.68694250341604
2024-11-06,5929.0400390625,16.270000457763672,0.025295927786425976,-0.20595409275225196,6146.649087079623,0.1191068860871622,151.6490870796233,-0.03089311391283779,80.61928796661603
2024-11-07,5973.10009765625,15.199999809265137,0.007431229727488331,-0.06576525005492273,6039.550222216292,0.14013521249176158,44.55022221629224,-0.00986478750823841,19.36732572411878
2024-11-08,5995.5400390625,14.9399995803833,0.0037568333092317108,-0.017105278430553206,6017.522215688844,0.147434208235417,22.52221568884397,-0.002565791764582992,10.989986805249815
